Name,Address,Mobile,Username,Password
Kimberley,9247 Eu Street,5633238965,hVIrpkF1yDb51ea,MW661mGPIl4pCKJwer6
Elliott,1917 Euismod St.,7504200796,OjeR8kVfXttv8u,LQs052jIdGK4VWeffV9w
Wyoming,Ap #878-3999 Dolor St.,8471840871,IwUdPjbXpgATZ,y6j1vHGn1LKEaUdeuZ3B
Abel,Ap #517-5548 Dolor Road,2091258900,V1PGzSDTWy3OhZ,1OsQGvhkLRgcFy
Ryan,608-4603 Eu,1776917866,6QmOFaPLB,kMLmDtQFdLtbrHRN4Q
Geraldine,P.O. Box 187,8204036292,kcfwi82gGIrPVUCwD,QonbmQ9YhNJTwEU25F
Armando,Ap #935-4712 Ante. Street,8438292622,ZzyTlzvCeNec0DtsQv5,Ev09BhAbHUyYq0HgR0q
Deacon,906-9919 Sed Road,9477303887,iaEzgxDHkg4rHf,giCuMCjIMHOsI
Jermaine,3978 Egestas Ave,2319765489,GvnxxgxK65YoaV,uwt9svEsaQY3qGdFKT
Hop,517-7622 Mauris Ave,9355786274,y6iCnZCZFWUckiCnaUPz,LLuxRCbrOmF9