USERNAME,PASSWORD,NAME,ADDRESS,MOBILE
40GIiGye3pMSiW5ojtY,MVmUbeiXxA,Dee Servis,Ap #360-3633 Nec Rd.,3456005703
rc9cmwarM26n8dvb,RsZ8HvEJAdvPj4whszT,Olvan Hagwood,P.O. Box 794,9104664653
Qs5CwgoZzVYO,EOYsv5PzD4P2XyTYOR,Morgen Lutton,2219 Euismod Road,4822403926
mRNqgUUfEmuy,dztsoA0NMmf,Efren Weathey,6779 Enim. Av.,5118763642
Qgrq5tFNSb6d0dgXV,wMjwZmrAn,Mikaela Rupel,4897 Ipsum Rd.,3318836610
tCRQl2CJ02E3Av7h4X,KR1uG6i5E,Lynnette Dilrew,602-6229 Ullamcorper,1708044788
eU4WWdBLH7J,hryOwOk8kVC,Stephine Cantwell,3655 Eu,8807109628
kxZSJ2QIe28,OgzXBwYnX8cen1XkngdX,Matteo Elmer,693-5084 Cursus Av.,4759500097
wwAbUqsExP,H9BNhmFI9QlG9OQ2,Fabiano Welbrock,P.O. Box 973,3243724084
p0CpfxpBQRUJEbxdgwC,ovRcU93WTCdZym,Abagail Linkleter,P.O. Box 941,6282889294
BbYAQffWQ,LFfBNVji2Iw,Niko Tansey,212 Lorem St.,4937190155
1tsrZf1f,MmjPXldG,Mara Storres,Ap #124-4933 Quam Street,4684872599
Qf7369KpcRoRKjiDHV,tfPPb0uRtDutmTC68uQP,Sean Koop,4897 Ipsum Rd.,8417027533
sj40AkHA,jXcLc6paZUhpay,Ilario Vasiliev,602-6229 Ullamcorper,7880784750
SgAR8fC2h6e,CPKrsMkgXrXDhCn,Desmund Fellowes,3655 Eu,2555290578
WDOx0uduu3c9FKSvkpv,jyHAdX9lB95L9FwdNX,Wynn Gaudin,Ap #363-8628 Euismod Street,2263168473
JMvdEnEXlOlE0T,QqVPtIf2Ph,Jarib Nisard,2357 Eu,5161451955
foRdL2NN4gpCux,v1QLRBHoBssvW,Albie MacBarron,1654 Ac Avenue,8698122447
jKd1zufROseAiEaJw,l3IgALw0SkwGJg,Murdock Spilsbury,3403 Magna,7876082008
LifX7gwU3YKeO7Jw6Jv,YOgkKplYMoKr0L9TR,Eddy Bartels,Ap #261-5717 Odio. Street,4904900533