NAME,ADDRESS,MOBILE
Latia,09 Meadow Vale Alley,9697396210
Tessa,1523 Prairie Rose Way,8734822229
Gill,422 Kinsman Place,4799477716
Lillis,9749 Shoshone Circle,4439422275
Merna,78904 Havey Pass,8888074787
Vickie,627 Stuart Place,5745064064
Agathe,29609 Swallow Park,8626401020
Gillie,6 Columbus Circle,4548262334
Robinette,7 Warbler Crossing,7047293925
Sibella,802 Starling Avenue,4986330620
Joly,61 Monument Center,5245292931
Edythe,4 Utah Junction,2515086638
Charleen,504 Hagan Junction,8240249694
Kristan,373 Sherman Street,9836422711
Jobina,21 Cottonwood Terrace,6393137625
Roze,4 Larry Hill,3569340565
Ebony,2 Nova Junction,9201500038
Olympe,2 Portage Alley,1282324973
Halley,63851 Superior Junction,4225949973
Ginger,16 Superior Point,9798969454
Maighdiln,0447 Dwight Hill,6003284230
Uta,4 Browning Terrace,9222464464
Althea,13711 School Crossing,3960865398
Frannie,30555 Vera Avenue,2411518002
Stefania,8 Ilene Place,1743979840
Selma,94793 Grover Street,2979520662
Jorey,30537 Arapahoe Trail,8510504633
Alica,2 Almo Center,2537225757
Cyndie,06424 Melody Circle,9772963323
Jacquie,379 Meadow Vale Trail,4336558428
Lorrayne,5 1st Parkway,5572391415
Rosina,6131 Hazelcrest Junction,4991398868
Sonia,77 Armistice Road,5680375231
Aile,204 Straubel Parkway,6358736632
Emylee,04151 Grim Parkway,7605175740
Jannel,605 Esch Street,3760691836
Tammi,0 Burrows Avenue,4539664992
Cordy,402 Lakewood Park,4818770654
Maxi,87726 Crest Line Point,8833674709
Crin,338 Sullivan Pass,2454191630
Betsey,281 Ohio Hill,5269656784
Auguste,9512 Lakewood Gardens Terrace,2560928846
Clarice,258 Crest Line Court,1434210867
Trixi,988 Lyons Hill,8606770008
Rhiamon,280 Weeping Birch Way,8761100733
Ingrid,91661 Gateway Road,1698328955
Darci,599 Nova Way,5842141146
Ortensia,45228 Corry Plaza,9384667836
Betsey,65 Knutson Drive,9645900474
Brigida,71906 Forster Place,6175292520
Aundrea,8427 Scofield Road,3570641301
Petunia,135 Twin Pines Crossing,1355516389
Gabbey,8 Bowman Junction,5879434820
Elvira,16175 Shelley Park,9564333595
Norina,2648 Kim Lane,2012397816
Bliss,45 Maryland Pass,6894649679
Celle,7 Kropf Parkway,9221600580
Bernie,5890 Messerschmidt Avenue,2087507736
Reba,822 Almo Parkway,9150199400
Erna,7 Hallows Circle,7787144319
Leena,837 Judy Drive,9284925600
Desirae,68591 Marquette Center,3279646159
Frieda,840 Dixon Way,5481831934
Lurette,81 Menomonie Point,1386903040
Carolan,140 Autumn Leaf Drive,8727285366
Julianna,77852 Eggendart Hill,8116749190
Onida,6 3rd Crossing,9316625198
Appolonia,9841 Pankratz Circle,1166404554
Ebony,3 Namekagon Center,3252905301
Sarene,2 Ryan Way,9651957957
Karlen,9560 Fieldstone Center,6242855174
Alexine,707 Anniversary Park,7145434262
Anne-marie,103 Barnett Lane,8070860788
Barbie,6 Brickson Park Junction,3198150730
Rory,398 John Wall Drive,3371133637
Corette,5347 Fair Oaks Road,4771417445
Lanny,928 Lighthouse Bay Circle,2909486656
Ardella,33 Marquette Crossing,1255560006
Loria,25257 Delaware Pass,1055498034
Karena,7848 Lakewood Gardens Center,7868267551
Sonja,25154 Rutledge Street,9853633467
Kaja,986 Mendota Parkway,6828715379
Lynea,545 Milwaukee Court,1555674250
Stafani,7 Springview Junction,2783984304
Dyna,0552 Manufacturers Way,6201917844
Aubrette,609 Annamark Circle,4649116383
Daisi,8627 Morning Trail,7289122604
Kacy,3842 Mendota Crossing,9773753752
Janet,8 Gerald Junction,9706372165
Zorana,687 South Parkway,1242196502
Pamella,377 Cascade Drive,3793837562
Corrine,25 Moulton Pass,7550548415
Vivian,14 Sunnyside Trail,1432429070
Trudey,0861 Riverside Lane,4881396872
Lia,780 Tennessee Road,1608422141
Shelagh,268 Kropf Parkway,6226639682
Deirdre,878 Anhalt Avenue,8725165719
Norma,724 Artisan Court,4747337165
Conchita,75791 Bashford Avenue,8050622163
Lynnett,45715 Oakridge Way,9714564083